epoch,epoch_training_loss,epoch_validation_loss,validation_accuracy,validation_f1,model-activation-optimizer-lr-wd
1,0.6937,0.693,0.5075682557646061,0.3367,MLP-ReLU-Adagrad-0.01-0_Drop-0.00
2,0.6932,0.693,0.5075682557646061,0.3367,MLP-ReLU-Adagrad-0.01-0_Drop-0.00
3,0.6932,0.6931,0.5075682557646061,0.3367,MLP-ReLU-Adagrad-0.01-0_Drop-0.00
4,0.6932,0.693,0.5075682557646061,0.3367,MLP-ReLU-Adagrad-0.01-0_Drop-0.00
5,0.6932,0.693,0.5075682557646061,0.3367,MLP-ReLU-Adagrad-0.01-0_Drop-0.00
6,0.6932,0.693,0.5075682557646061,0.3367,MLP-ReLU-Adagrad-0.01-0_Drop-0.00
7,0.6932,0.693,0.5075682557646061,0.3367,MLP-ReLU-Adagrad-0.01-0_Drop-0.00
8,0.6932,0.6931,0.5075682557646061,0.3367,MLP-ReLU-Adagrad-0.01-0_Drop-0.00
9,0.6932,0.693,0.5075682557646061,0.3367,MLP-ReLU-Adagrad-0.01-0_Drop-0.00
10,0.6932,0.6931,0.5075682557646061,0.3367,MLP-ReLU-Adagrad-0.01-0_Drop-0.00
11,0.6932,0.6931,0.5075682557646061,0.3367,MLP-ReLU-Adagrad-0.01-0_Drop-0.00
12,0.6932,0.6931,0.5075682557646061,0.3367,MLP-ReLU-Adagrad-0.01-0_Drop-0.00
13,0.6932,0.6931,0.5075682557646061,0.3367,MLP-ReLU-Adagrad-0.01-0_Drop-0.00
14,0.6931,0.6931,0.5075682557646061,0.3367,MLP-ReLU-Adagrad-0.01-0_Drop-0.00
15,0.6932,0.6931,0.5075682557646061,0.3367,MLP-ReLU-Adagrad-0.01-0_Drop-0.00
16,0.6931,0.693,0.5075682557646061,0.3367,MLP-ReLU-Adagrad-0.01-0_Drop-0.00
17,0.6932,0.6931,0.5075682557646061,0.3367,MLP-ReLU-Adagrad-0.01-0_Drop-0.00
18,0.6932,0.6931,0.5075682557646061,0.3367,MLP-ReLU-Adagrad-0.01-0_Drop-0.00
19,0.6932,0.6931,0.5075682557646061,0.3367,MLP-ReLU-Adagrad-0.01-0_Drop-0.00
20,0.6932,0.6931,0.5075682557646061,0.3367,MLP-ReLU-Adagrad-0.01-0_Drop-0.00
21,0.6931,0.693,0.5075682557646061,0.3367,MLP-ReLU-Adagrad-0.01-0_Drop-0.00
22,0.6931,0.693,0.5075682557646061,0.3367,MLP-ReLU-Adagrad-0.01-0_Drop-0.00
23,0.6931,0.693,0.5075682557646061,0.3367,MLP-ReLU-Adagrad-0.01-0_Drop-0.00
24,0.6931,0.693,0.5075682557646061,0.3367,MLP-ReLU-Adagrad-0.01-0_Drop-0.00
25,0.6932,0.693,0.5075682557646061,0.3367,MLP-ReLU-Adagrad-0.01-0_Drop-0.00
26,0.6932,0.6931,0.5075682557646061,0.3367,MLP-ReLU-Adagrad-0.01-0_Drop-0.00
27,0.6931,0.6931,0.5075682557646061,0.3367,MLP-ReLU-Adagrad-0.01-0_Drop-0.00
28,0.6931,0.693,0.5075682557646061,0.3367,MLP-ReLU-Adagrad-0.01-0_Drop-0.00
29,0.6931,0.693,0.5075682557646061,0.3367,MLP-ReLU-Adagrad-0.01-0_Drop-0.00
30,0.6932,0.693,0.5075682557646061,0.3367,MLP-ReLU-Adagrad-0.01-0_Drop-0.00
31,0.6932,0.693,0.5075682557646061,0.3367,MLP-ReLU-Adagrad-0.01-0_Drop-0.00
32,0.6931,0.693,0.5075682557646061,0.3367,MLP-ReLU-Adagrad-0.01-0_Drop-0.00
33,0.6932,0.693,0.5075682557646061,0.3367,MLP-ReLU-Adagrad-0.01-0_Drop-0.00
34,0.6932,0.6931,0.5075682557646061,0.3367,MLP-ReLU-Adagrad-0.01-0_Drop-0.00
35,0.6931,0.693,0.5075682557646061,0.3367,MLP-ReLU-Adagrad-0.01-0_Drop-0.00
36,0.6931,0.693,0.5075682557646061,0.3367,MLP-ReLU-Adagrad-0.01-0_Drop-0.00
37,0.6932,0.6931,0.5075682557646061,0.3367,MLP-ReLU-Adagrad-0.01-0_Drop-0.00
38,0.6932,0.6931,0.5075682557646061,0.3367,MLP-ReLU-Adagrad-0.01-0_Drop-0.00
39,0.6932,0.6931,0.5075682557646061,0.3367,MLP-ReLU-Adagrad-0.01-0_Drop-0.00
40,0.6931,0.6931,0.5075682557646061,0.3367,MLP-ReLU-Adagrad-0.01-0_Drop-0.00
41,0.6931,0.693,0.5075682557646061,0.3367,MLP-ReLU-Adagrad-0.01-0_Drop-0.00
42,0.6931,0.693,0.5075682557646061,0.3367,MLP-ReLU-Adagrad-0.01-0_Drop-0.00
43,0.6932,0.6931,0.5075682557646061,0.3367,MLP-ReLU-Adagrad-0.01-0_Drop-0.00
44,0.6931,0.6931,0.5075682557646061,0.3367,MLP-ReLU-Adagrad-0.01-0_Drop-0.00
45,0.6931,0.6931,0.5075682557646061,0.3367,MLP-ReLU-Adagrad-0.01-0_Drop-0.00
46,0.6932,0.6931,0.5075682557646061,0.3367,MLP-ReLU-Adagrad-0.01-0_Drop-0.00
47,0.6932,0.6931,0.5075682557646061,0.3367,MLP-ReLU-Adagrad-0.01-0_Drop-0.00
48,0.6931,0.6931,0.5075682557646061,0.3367,MLP-ReLU-Adagrad-0.01-0_Drop-0.00
49,0.6931,0.6931,0.5075682557646061,0.3367,MLP-ReLU-Adagrad-0.01-0_Drop-0.00
50,0.6932,0.6931,0.5075682557646061,0.3367,MLP-ReLU-Adagrad-0.01-0_Drop-0.00
51,0.6931,0.6931,0.5075682557646061,0.3367,MLP-ReLU-Adagrad-0.01-0_Drop-0.00
52,0.6931,0.6931,0.5075682557646061,0.3367,MLP-ReLU-Adagrad-0.01-0_Drop-0.00
53,0.6931,0.6931,0.5075682557646061,0.3367,MLP-ReLU-Adagrad-0.01-0_Drop-0.00
54,0.6932,0.6931,0.5075682557646061,0.3367,MLP-ReLU-Adagrad-0.01-0_Drop-0.00
55,0.6932,0.6931,0.5075682557646061,0.3367,MLP-ReLU-Adagrad-0.01-0_Drop-0.00
56,0.6931,0.6931,0.5075682557646061,0.3367,MLP-ReLU-Adagrad-0.01-0_Drop-0.00
57,0.6931,0.6931,0.5075682557646061,0.3367,MLP-ReLU-Adagrad-0.01-0_Drop-0.00
58,0.6931,0.6931,0.5075682557646061,0.3367,MLP-ReLU-Adagrad-0.01-0_Drop-0.00
59,0.6932,0.6931,0.5075682557646061,0.3367,MLP-ReLU-Adagrad-0.01-0_Drop-0.00
60,0.6931,0.6931,0.5075682557646061,0.3367,MLP-ReLU-Adagrad-0.01-0_Drop-0.00
61,0.6931,0.693,0.5075682557646061,0.3367,MLP-ReLU-Adagrad-0.01-0_Drop-0.00
62,0.6931,0.693,0.5075682557646061,0.3367,MLP-ReLU-Adagrad-0.01-0_Drop-0.00
63,0.6932,0.693,0.5075682557646061,0.3367,MLP-ReLU-Adagrad-0.01-0_Drop-0.00
64,0.6931,0.6931,0.5075682557646061,0.3367,MLP-ReLU-Adagrad-0.01-0_Drop-0.00
65,0.6932,0.6931,0.5075682557646061,0.3367,MLP-ReLU-Adagrad-0.01-0_Drop-0.00
66,0.6932,0.6931,0.5075682557646061,0.3367,MLP-ReLU-Adagrad-0.01-0_Drop-0.00
67,0.6931,0.6931,0.5075682557646061,0.3367,MLP-ReLU-Adagrad-0.01-0_Drop-0.00
68,0.6931,0.693,0.5075682557646061,0.3367,MLP-ReLU-Adagrad-0.01-0_Drop-0.00
69,0.6931,0.693,0.5075682557646061,0.3367,MLP-ReLU-Adagrad-0.01-0_Drop-0.00
70,0.6931,0.693,0.5075682557646061,0.3367,MLP-ReLU-Adagrad-0.01-0_Drop-0.00
71,0.6932,0.693,0.5075682557646061,0.3367,MLP-ReLU-Adagrad-0.01-0_Drop-0.00
72,0.6931,0.693,0.5075682557646061,0.3367,MLP-ReLU-Adagrad-0.01-0_Drop-0.00
73,0.6931,0.693,0.5075682557646061,0.3367,MLP-ReLU-Adagrad-0.01-0_Drop-0.00
74,0.6931,0.693,0.5075682557646061,0.3367,MLP-ReLU-Adagrad-0.01-0_Drop-0.00
75,0.6931,0.693,0.5075682557646061,0.3367,MLP-ReLU-Adagrad-0.01-0_Drop-0.00
76,0.6931,0.693,0.5075682557646061,0.3367,MLP-ReLU-Adagrad-0.01-0_Drop-0.00
77,0.6932,0.693,0.5075682557646061,0.3367,MLP-ReLU-Adagrad-0.01-0_Drop-0.00
78,0.6931,0.693,0.5075682557646061,0.3367,MLP-ReLU-Adagrad-0.01-0_Drop-0.00
79,0.6931,0.693,0.5075682557646061,0.3367,MLP-ReLU-Adagrad-0.01-0_Drop-0.00
80,0.6932,0.693,0.5075682557646061,0.3367,MLP-ReLU-Adagrad-0.01-0_Drop-0.00
81,0.6932,0.6931,0.5075682557646061,0.3367,MLP-ReLU-Adagrad-0.01-0_Drop-0.00
82,0.6931,0.6931,0.5075682557646061,0.3367,MLP-ReLU-Adagrad-0.01-0_Drop-0.00
83,0.6931,0.693,0.5075682557646061,0.3367,MLP-ReLU-Adagrad-0.01-0_Drop-0.00
84,0.6931,0.693,0.5075682557646061,0.3367,MLP-ReLU-Adagrad-0.01-0_Drop-0.00
85,0.6931,0.693,0.5075682557646061,0.3367,MLP-ReLU-Adagrad-0.01-0_Drop-0.00
86,0.6932,0.693,0.5075682557646061,0.3367,MLP-ReLU-Adagrad-0.01-0_Drop-0.00
87,0.6931,0.6931,0.5075682557646061,0.3367,MLP-ReLU-Adagrad-0.01-0_Drop-0.00
88,0.6931,0.693,0.5075682557646061,0.3367,MLP-ReLU-Adagrad-0.01-0_Drop-0.00
89,0.6931,0.693,0.5075682557646061,0.3367,MLP-ReLU-Adagrad-0.01-0_Drop-0.00
90,0.6932,0.693,0.5075682557646061,0.3367,MLP-ReLU-Adagrad-0.01-0_Drop-0.00
91,0.6931,0.693,0.5075682557646061,0.3367,MLP-ReLU-Adagrad-0.01-0_Drop-0.00
92,0.6931,0.693,0.5075682557646061,0.3367,MLP-ReLU-Adagrad-0.01-0_Drop-0.00
93,0.6931,0.693,0.5075682557646061,0.3367,MLP-ReLU-Adagrad-0.01-0_Drop-0.00
94,0.6931,0.693,0.5075682557646061,0.3367,MLP-ReLU-Adagrad-0.01-0_Drop-0.00
95,0.6931,0.693,0.5075682557646061,0.3367,MLP-ReLU-Adagrad-0.01-0_Drop-0.00
96,0.6932,0.693,0.5075682557646061,0.3367,MLP-ReLU-Adagrad-0.01-0_Drop-0.00
97,0.6931,0.693,0.5075682557646061,0.3367,MLP-ReLU-Adagrad-0.01-0_Drop-0.00
98,0.6932,0.693,0.5075682557646061,0.3367,MLP-ReLU-Adagrad-0.01-0_Drop-0.00
99,0.6931,0.693,0.5075682557646061,0.3367,MLP-ReLU-Adagrad-0.01-0_Drop-0.00
100,0.6931,0.693,0.5075682557646061,0.3367,MLP-ReLU-Adagrad-0.01-0_Drop-0.00
1,0.6936,0.6931,0.5075682557646061,0.3367,MLP-ReLU-Adagrad-0.01-0_Drop-0.05
2,0.693,0.693,0.5075682557646061,0.3367,MLP-ReLU-Adagrad-0.01-0_Drop-0.05
3,0.6933,0.693,0.5075682557646061,0.3367,MLP-ReLU-Adagrad-0.01-0_Drop-0.05
4,0.6932,0.6931,0.5075682557646061,0.3367,MLP-ReLU-Adagrad-0.01-0_Drop-0.05
5,0.6933,0.6931,0.5075682557646061,0.3367,MLP-ReLU-Adagrad-0.01-0_Drop-0.05
6,0.6932,0.693,0.5075682557646061,0.3367,MLP-ReLU-Adagrad-0.01-0_Drop-0.05
7,0.6932,0.693,0.5075682557646061,0.3367,MLP-ReLU-Adagrad-0.01-0_Drop-0.05
8,0.6933,0.693,0.5075682557646061,0.3367,MLP-ReLU-Adagrad-0.01-0_Drop-0.05
9,0.6931,0.693,0.5075682557646061,0.3367,MLP-ReLU-Adagrad-0.01-0_Drop-0.05
10,0.6931,0.693,0.5075682557646061,0.3367,MLP-ReLU-Adagrad-0.01-0_Drop-0.05
11,0.6931,0.693,0.5075682557646061,0.3367,MLP-ReLU-Adagrad-0.01-0_Drop-0.05
12,0.6931,0.693,0.5075682557646061,0.3367,MLP-ReLU-Adagrad-0.01-0_Drop-0.05
13,0.6931,0.693,0.5075682557646061,0.3367,MLP-ReLU-Adagrad-0.01-0_Drop-0.05
14,0.6932,0.693,0.5075682557646061,0.3367,MLP-ReLU-Adagrad-0.01-0_Drop-0.05
15,0.6932,0.693,0.5075682557646061,0.3367,MLP-ReLU-Adagrad-0.01-0_Drop-0.05
16,0.6932,0.693,0.5075682557646061,0.3367,MLP-ReLU-Adagrad-0.01-0_Drop-0.05
17,0.6931,0.6931,0.5075682557646061,0.3367,MLP-ReLU-Adagrad-0.01-0_Drop-0.05
18,0.6931,0.6931,0.5075682557646061,0.3367,MLP-ReLU-Adagrad-0.01-0_Drop-0.05
19,0.6932,0.693,0.5075682557646061,0.3367,MLP-ReLU-Adagrad-0.01-0_Drop-0.05
20,0.6933,0.6931,0.5075682557646061,0.3367,MLP-ReLU-Adagrad-0.01-0_Drop-0.05
21,0.6932,0.6931,0.5075682557646061,0.3367,MLP-ReLU-Adagrad-0.01-0_Drop-0.05
22,0.6931,0.6931,0.5075682557646061,0.3367,MLP-ReLU-Adagrad-0.01-0_Drop-0.05
23,0.6933,0.6931,0.5075682557646061,0.3367,MLP-ReLU-Adagrad-0.01-0_Drop-0.05
24,0.6932,0.6931,0.5075682557646061,0.3367,MLP-ReLU-Adagrad-0.01-0_Drop-0.05
25,0.6931,0.693,0.5075682557646061,0.3367,MLP-ReLU-Adagrad-0.01-0_Drop-0.05
26,0.6931,0.693,0.5075682557646061,0.3367,MLP-ReLU-Adagrad-0.01-0_Drop-0.05
27,0.6931,0.693,0.5075682557646061,0.3367,MLP-ReLU-Adagrad-0.01-0_Drop-0.05
28,0.6932,0.693,0.5075682557646061,0.3367,MLP-ReLU-Adagrad-0.01-0_Drop-0.05
29,0.6932,0.693,0.5075682557646061,0.3367,MLP-ReLU-Adagrad-0.01-0_Drop-0.05
30,0.693,0.693,0.5075682557646061,0.3367,MLP-ReLU-Adagrad-0.01-0_Drop-0.05
31,0.6932,0.693,0.5075682557646061,0.3367,MLP-ReLU-Adagrad-0.01-0_Drop-0.05
32,0.6932,0.693,0.5075682557646061,0.3367,MLP-ReLU-Adagrad-0.01-0_Drop-0.05
33,0.6931,0.693,0.5075682557646061,0.3367,MLP-ReLU-Adagrad-0.01-0_Drop-0.05
34,0.6933,0.693,0.5075682557646061,0.3367,MLP-ReLU-Adagrad-0.01-0_Drop-0.05
35,0.6931,0.693,0.5075682557646061,0.3367,MLP-ReLU-Adagrad-0.01-0_Drop-0.05
36,0.6931,0.693,0.5075682557646061,0.3367,MLP-ReLU-Adagrad-0.01-0_Drop-0.05
37,0.6932,0.693,0.5075682557646061,0.3367,MLP-ReLU-Adagrad-0.01-0_Drop-0.05
38,0.6932,0.693,0.5075682557646061,0.3367,MLP-ReLU-Adagrad-0.01-0_Drop-0.05
39,0.6931,0.693,0.5075682557646061,0.3367,MLP-ReLU-Adagrad-0.01-0_Drop-0.05
40,0.6932,0.693,0.5075682557646061,0.3367,MLP-ReLU-Adagrad-0.01-0_Drop-0.05
41,0.6932,0.693,0.5075682557646061,0.3367,MLP-ReLU-Adagrad-0.01-0_Drop-0.05
42,0.6932,0.693,0.5075682557646061,0.3367,MLP-ReLU-Adagrad-0.01-0_Drop-0.05
43,0.6932,0.693,0.5075682557646061,0.3367,MLP-ReLU-Adagrad-0.01-0_Drop-0.05
44,0.6933,0.6931,0.5075682557646061,0.3367,MLP-ReLU-Adagrad-0.01-0_Drop-0.05
45,0.6932,0.693,0.5075682557646061,0.3367,MLP-ReLU-Adagrad-0.01-0_Drop-0.05
46,0.693,0.693,0.5075682557646061,0.3367,MLP-ReLU-Adagrad-0.01-0_Drop-0.05
47,0.6931,0.6931,0.5075682557646061,0.3367,MLP-ReLU-Adagrad-0.01-0_Drop-0.05
48,0.6931,0.693,0.5075682557646061,0.3367,MLP-ReLU-Adagrad-0.01-0_Drop-0.05
49,0.6931,0.693,0.5075682557646061,0.3367,MLP-ReLU-Adagrad-0.01-0_Drop-0.05
50,0.6931,0.693,0.5075682557646061,0.3367,MLP-ReLU-Adagrad-0.01-0_Drop-0.05
51,0.6932,0.6931,0.5075682557646061,0.3367,MLP-ReLU-Adagrad-0.01-0_Drop-0.05
52,0.6932,0.6931,0.5075682557646061,0.3367,MLP-ReLU-Adagrad-0.01-0_Drop-0.05
53,0.6931,0.6931,0.5075682557646061,0.3367,MLP-ReLU-Adagrad-0.01-0_Drop-0.05
54,0.6931,0.6931,0.5075682557646061,0.3367,MLP-ReLU-Adagrad-0.01-0_Drop-0.05
55,0.6933,0.6931,0.5075682557646061,0.3367,MLP-ReLU-Adagrad-0.01-0_Drop-0.05
56,0.6931,0.693,0.5075682557646061,0.3367,MLP-ReLU-Adagrad-0.01-0_Drop-0.05
57,0.6932,0.693,0.5075682557646061,0.3367,MLP-ReLU-Adagrad-0.01-0_Drop-0.05
58,0.6932,0.693,0.5075682557646061,0.3367,MLP-ReLU-Adagrad-0.01-0_Drop-0.05
59,0.6932,0.693,0.5075682557646061,0.3367,MLP-ReLU-Adagrad-0.01-0_Drop-0.05
60,0.6932,0.693,0.5075682557646061,0.3367,MLP-ReLU-Adagrad-0.01-0_Drop-0.05
61,0.6931,0.693,0.5075682557646061,0.3367,MLP-ReLU-Adagrad-0.01-0_Drop-0.05
62,0.6931,0.693,0.5075682557646061,0.3367,MLP-ReLU-Adagrad-0.01-0_Drop-0.05
63,0.6931,0.693,0.5075682557646061,0.3367,MLP-ReLU-Adagrad-0.01-0_Drop-0.05
64,0.6931,0.693,0.5075682557646061,0.3367,MLP-ReLU-Adagrad-0.01-0_Drop-0.05
65,0.6931,0.693,0.5075682557646061,0.3367,MLP-ReLU-Adagrad-0.01-0_Drop-0.05
66,0.6932,0.6931,0.5075682557646061,0.3367,MLP-ReLU-Adagrad-0.01-0_Drop-0.05
67,0.693,0.6931,0.5075682557646061,0.3367,MLP-ReLU-Adagrad-0.01-0_Drop-0.05
68,0.6931,0.693,0.5075682557646061,0.3367,MLP-ReLU-Adagrad-0.01-0_Drop-0.05
69,0.6931,0.693,0.5075682557646061,0.3367,MLP-ReLU-Adagrad-0.01-0_Drop-0.05
70,0.6932,0.693,0.5075682557646061,0.3367,MLP-ReLU-Adagrad-0.01-0_Drop-0.05
71,0.6932,0.693,0.5075682557646061,0.3367,MLP-ReLU-Adagrad-0.01-0_Drop-0.05
72,0.6931,0.693,0.5075682557646061,0.3367,MLP-ReLU-Adagrad-0.01-0_Drop-0.05
73,0.6933,0.693,0.5075682557646061,0.3367,MLP-ReLU-Adagrad-0.01-0_Drop-0.05
74,0.6932,0.693,0.5075682557646061,0.3367,MLP-ReLU-Adagrad-0.01-0_Drop-0.05
75,0.6932,0.693,0.5075682557646061,0.3367,MLP-ReLU-Adagrad-0.01-0_Drop-0.05
76,0.6931,0.693,0.5075682557646061,0.3367,MLP-ReLU-Adagrad-0.01-0_Drop-0.05
77,0.6932,0.693,0.5075682557646061,0.3367,MLP-ReLU-Adagrad-0.01-0_Drop-0.05
78,0.6932,0.693,0.5075682557646061,0.3367,MLP-ReLU-Adagrad-0.01-0_Drop-0.05
79,0.6933,0.693,0.5075682557646061,0.3367,MLP-ReLU-Adagrad-0.01-0_Drop-0.05
80,0.6932,0.693,0.5075682557646061,0.3367,MLP-ReLU-Adagrad-0.01-0_Drop-0.05
81,0.6931,0.693,0.5075682557646061,0.3367,MLP-ReLU-Adagrad-0.01-0_Drop-0.05
82,0.6933,0.693,0.5075682557646061,0.3367,MLP-ReLU-Adagrad-0.01-0_Drop-0.05
83,0.6931,0.693,0.5075682557646061,0.3367,MLP-ReLU-Adagrad-0.01-0_Drop-0.05
84,0.6932,0.693,0.5075682557646061,0.3367,MLP-ReLU-Adagrad-0.01-0_Drop-0.05
85,0.6931,0.693,0.5075682557646061,0.3367,MLP-ReLU-Adagrad-0.01-0_Drop-0.05
86,0.6931,0.693,0.5075682557646061,0.3367,MLP-ReLU-Adagrad-0.01-0_Drop-0.05
87,0.6931,0.693,0.5075682557646061,0.3367,MLP-ReLU-Adagrad-0.01-0_Drop-0.05
88,0.6932,0.693,0.5075682557646061,0.3367,MLP-ReLU-Adagrad-0.01-0_Drop-0.05
89,0.6931,0.693,0.5075682557646061,0.3367,MLP-ReLU-Adagrad-0.01-0_Drop-0.05
90,0.6931,0.693,0.5075682557646061,0.3367,MLP-ReLU-Adagrad-0.01-0_Drop-0.05
91,0.6931,0.693,0.5075682557646061,0.3367,MLP-ReLU-Adagrad-0.01-0_Drop-0.05
92,0.6931,0.693,0.5075682557646061,0.3367,MLP-ReLU-Adagrad-0.01-0_Drop-0.05
93,0.6931,0.693,0.5075682557646061,0.3367,MLP-ReLU-Adagrad-0.01-0_Drop-0.05
94,0.6933,0.693,0.5075682557646061,0.3367,MLP-ReLU-Adagrad-0.01-0_Drop-0.05
95,0.6931,0.693,0.5075682557646061,0.3367,MLP-ReLU-Adagrad-0.01-0_Drop-0.05
96,0.693,0.693,0.5075682557646061,0.3367,MLP-ReLU-Adagrad-0.01-0_Drop-0.05
97,0.6932,0.693,0.5075682557646061,0.3367,MLP-ReLU-Adagrad-0.01-0_Drop-0.05
98,0.6931,0.693,0.5075682557646061,0.3367,MLP-ReLU-Adagrad-0.01-0_Drop-0.05
99,0.6931,0.693,0.5075682557646061,0.3367,MLP-ReLU-Adagrad-0.01-0_Drop-0.05
100,0.6932,0.693,0.5075682557646061,0.3367,MLP-ReLU-Adagrad-0.01-0_Drop-0.05
1,0.6956,0.6942,0.492431744235394,0.33,MLP-ReLU-Adagrad-0.01-0_Drop-0.1
2,0.6937,0.6934,0.492431744235394,0.33,MLP-ReLU-Adagrad-0.01-0_Drop-0.1
3,0.6932,0.6932,0.492431744235394,0.33,MLP-ReLU-Adagrad-0.01-0_Drop-0.1
4,0.6932,0.6931,0.5075682557646061,0.3367,MLP-ReLU-Adagrad-0.01-0_Drop-0.1
5,0.6932,0.6931,0.5075682557646061,0.3367,MLP-ReLU-Adagrad-0.01-0_Drop-0.1
6,0.6932,0.693,0.5075682557646061,0.3367,MLP-ReLU-Adagrad-0.01-0_Drop-0.1
7,0.6933,0.693,0.5075682557646061,0.3367,MLP-ReLU-Adagrad-0.01-0_Drop-0.1
8,0.6929,0.693,0.5075682557646061,0.3367,MLP-ReLU-Adagrad-0.01-0_Drop-0.1
9,0.6929,0.693,0.5075682557646061,0.3367,MLP-ReLU-Adagrad-0.01-0_Drop-0.1
10,0.693,0.693,0.5075682557646061,0.3367,MLP-ReLU-Adagrad-0.01-0_Drop-0.1
11,0.6931,0.693,0.5075682557646061,0.3367,MLP-ReLU-Adagrad-0.01-0_Drop-0.1
12,0.6929,0.693,0.5075682557646061,0.3367,MLP-ReLU-Adagrad-0.01-0_Drop-0.1
13,0.6933,0.693,0.5075682557646061,0.3367,MLP-ReLU-Adagrad-0.01-0_Drop-0.1
14,0.6933,0.6931,0.5075682557646061,0.3367,MLP-ReLU-Adagrad-0.01-0_Drop-0.1
15,0.6933,0.6931,0.5075682557646061,0.3367,MLP-ReLU-Adagrad-0.01-0_Drop-0.1
16,0.693,0.6931,0.5075682557646061,0.3367,MLP-ReLU-Adagrad-0.01-0_Drop-0.1
17,0.6931,0.6931,0.5075682557646061,0.3367,MLP-ReLU-Adagrad-0.01-0_Drop-0.1
18,0.6933,0.693,0.5075682557646061,0.3367,MLP-ReLU-Adagrad-0.01-0_Drop-0.1
19,0.6934,0.693,0.5075682557646061,0.3367,MLP-ReLU-Adagrad-0.01-0_Drop-0.1
20,0.6933,0.6931,0.5075682557646061,0.3367,MLP-ReLU-Adagrad-0.01-0_Drop-0.1
21,0.6932,0.6931,0.5075682557646061,0.3367,MLP-ReLU-Adagrad-0.01-0_Drop-0.1
22,0.693,0.6931,0.5075682557646061,0.3367,MLP-ReLU-Adagrad-0.01-0_Drop-0.1
23,0.6933,0.6931,0.5075682557646061,0.3367,MLP-ReLU-Adagrad-0.01-0_Drop-0.1
24,0.6933,0.6931,0.5075682557646061,0.3367,MLP-ReLU-Adagrad-0.01-0_Drop-0.1
25,0.6932,0.6931,0.5075682557646061,0.3367,MLP-ReLU-Adagrad-0.01-0_Drop-0.1
26,0.6931,0.6931,0.5075682557646061,0.3367,MLP-ReLU-Adagrad-0.01-0_Drop-0.1
27,0.6931,0.6931,0.5075682557646061,0.3367,MLP-ReLU-Adagrad-0.01-0_Drop-0.1
28,0.6933,0.6931,0.5075682557646061,0.3367,MLP-ReLU-Adagrad-0.01-0_Drop-0.1
29,0.6933,0.6931,0.5075682557646061,0.3367,MLP-ReLU-Adagrad-0.01-0_Drop-0.1
30,0.6931,0.6931,0.5075682557646061,0.3367,MLP-ReLU-Adagrad-0.01-0_Drop-0.1
31,0.693,0.6931,0.5075682557646061,0.3367,MLP-ReLU-Adagrad-0.01-0_Drop-0.1
32,0.6932,0.6931,0.5075682557646061,0.3367,MLP-ReLU-Adagrad-0.01-0_Drop-0.1
33,0.6932,0.6931,0.5075682557646061,0.3367,MLP-ReLU-Adagrad-0.01-0_Drop-0.1
34,0.6932,0.6931,0.5075682557646061,0.3367,MLP-ReLU-Adagrad-0.01-0_Drop-0.1
35,0.6931,0.6931,0.5075682557646061,0.3367,MLP-ReLU-Adagrad-0.01-0_Drop-0.1
36,0.693,0.6931,0.5075682557646061,0.3367,MLP-ReLU-Adagrad-0.01-0_Drop-0.1
37,0.6931,0.6931,0.5075682557646061,0.3367,MLP-ReLU-Adagrad-0.01-0_Drop-0.1
38,0.6932,0.6931,0.5075682557646061,0.3367,MLP-ReLU-Adagrad-0.01-0_Drop-0.1
39,0.6933,0.6931,0.5075682557646061,0.3367,MLP-ReLU-Adagrad-0.01-0_Drop-0.1
40,0.6931,0.6931,0.5075682557646061,0.3367,MLP-ReLU-Adagrad-0.01-0_Drop-0.1
41,0.6933,0.6931,0.5075682557646061,0.3367,MLP-ReLU-Adagrad-0.01-0_Drop-0.1
42,0.6931,0.6931,0.5075682557646061,0.3367,MLP-ReLU-Adagrad-0.01-0_Drop-0.1
43,0.6932,0.6931,0.5075682557646061,0.3367,MLP-ReLU-Adagrad-0.01-0_Drop-0.1
44,0.6933,0.6931,0.5075682557646061,0.3367,MLP-ReLU-Adagrad-0.01-0_Drop-0.1
45,0.693,0.6931,0.5075682557646061,0.3367,MLP-ReLU-Adagrad-0.01-0_Drop-0.1
46,0.6931,0.6931,0.5075682557646061,0.3367,MLP-ReLU-Adagrad-0.01-0_Drop-0.1
47,0.6932,0.6931,0.5075682557646061,0.3367,MLP-ReLU-Adagrad-0.01-0_Drop-0.1
48,0.6932,0.6931,0.5075682557646061,0.3367,MLP-ReLU-Adagrad-0.01-0_Drop-0.1
49,0.6934,0.6931,0.5075682557646061,0.3367,MLP-ReLU-Adagrad-0.01-0_Drop-0.1
50,0.6933,0.6931,0.5075682557646061,0.3367,MLP-ReLU-Adagrad-0.01-0_Drop-0.1
51,0.6931,0.6931,0.5075682557646061,0.3367,MLP-ReLU-Adagrad-0.01-0_Drop-0.1
52,0.6933,0.6931,0.5075682557646061,0.3367,MLP-ReLU-Adagrad-0.01-0_Drop-0.1
53,0.693,0.693,0.5075682557646061,0.3367,MLP-ReLU-Adagrad-0.01-0_Drop-0.1
54,0.6932,0.6931,0.5075682557646061,0.3367,MLP-ReLU-Adagrad-0.01-0_Drop-0.1
55,0.6931,0.693,0.5075682557646061,0.3367,MLP-ReLU-Adagrad-0.01-0_Drop-0.1
56,0.6929,0.6931,0.5075682557646061,0.3367,MLP-ReLU-Adagrad-0.01-0_Drop-0.1
57,0.6928,0.693,0.5075682557646061,0.3367,MLP-ReLU-Adagrad-0.01-0_Drop-0.1
58,0.6933,0.693,0.5075682557646061,0.3367,MLP-ReLU-Adagrad-0.01-0_Drop-0.1
59,0.6928,0.693,0.5075682557646061,0.3367,MLP-ReLU-Adagrad-0.01-0_Drop-0.1
60,0.6931,0.693,0.5075682557646061,0.3367,MLP-ReLU-Adagrad-0.01-0_Drop-0.1
61,0.6932,0.693,0.5075682557646061,0.3367,MLP-ReLU-Adagrad-0.01-0_Drop-0.1
62,0.6932,0.693,0.5075682557646061,0.3367,MLP-ReLU-Adagrad-0.01-0_Drop-0.1
63,0.6933,0.693,0.5075682557646061,0.3367,MLP-ReLU-Adagrad-0.01-0_Drop-0.1
64,0.6932,0.6931,0.5075682557646061,0.3367,MLP-ReLU-Adagrad-0.01-0_Drop-0.1
65,0.6932,0.6931,0.5075682557646061,0.3367,MLP-ReLU-Adagrad-0.01-0_Drop-0.1
66,0.6934,0.6931,0.5075682557646061,0.3367,MLP-ReLU-Adagrad-0.01-0_Drop-0.1
67,0.693,0.6931,0.5075682557646061,0.3367,MLP-ReLU-Adagrad-0.01-0_Drop-0.1
68,0.6931,0.6931,0.5075682557646061,0.3367,MLP-ReLU-Adagrad-0.01-0_Drop-0.1
69,0.6929,0.693,0.5075682557646061,0.3367,MLP-ReLU-Adagrad-0.01-0_Drop-0.1
70,0.6929,0.693,0.5075682557646061,0.3367,MLP-ReLU-Adagrad-0.01-0_Drop-0.1
71,0.693,0.693,0.5075682557646061,0.3367,MLP-ReLU-Adagrad-0.01-0_Drop-0.1
72,0.6932,0.693,0.5075682557646061,0.3367,MLP-ReLU-Adagrad-0.01-0_Drop-0.1
73,0.6932,0.6931,0.5075682557646061,0.3367,MLP-ReLU-Adagrad-0.01-0_Drop-0.1
74,0.6931,0.693,0.5075682557646061,0.3367,MLP-ReLU-Adagrad-0.01-0_Drop-0.1
75,0.6932,0.6931,0.5075682557646061,0.3367,MLP-ReLU-Adagrad-0.01-0_Drop-0.1
76,0.6931,0.6931,0.5075682557646061,0.3367,MLP-ReLU-Adagrad-0.01-0_Drop-0.1
77,0.6933,0.6931,0.5075682557646061,0.3367,MLP-ReLU-Adagrad-0.01-0_Drop-0.1
78,0.6933,0.6931,0.5075682557646061,0.3367,MLP-ReLU-Adagrad-0.01-0_Drop-0.1
79,0.693,0.6931,0.5075682557646061,0.3367,MLP-ReLU-Adagrad-0.01-0_Drop-0.1
80,0.6933,0.6931,0.5075682557646061,0.3367,MLP-ReLU-Adagrad-0.01-0_Drop-0.1
81,0.6932,0.6931,0.5075682557646061,0.3367,MLP-ReLU-Adagrad-0.01-0_Drop-0.1
82,0.6934,0.6931,0.5075682557646061,0.3367,MLP-ReLU-Adagrad-0.01-0_Drop-0.1
83,0.6932,0.6931,0.5075682557646061,0.3367,MLP-ReLU-Adagrad-0.01-0_Drop-0.1
84,0.6932,0.6931,0.5075682557646061,0.3367,MLP-ReLU-Adagrad-0.01-0_Drop-0.1
85,0.6932,0.6931,0.5075682557646061,0.3367,MLP-ReLU-Adagrad-0.01-0_Drop-0.1
86,0.6932,0.6931,0.5075682557646061,0.3367,MLP-ReLU-Adagrad-0.01-0_Drop-0.1
87,0.6932,0.693,0.5075682557646061,0.3367,MLP-ReLU-Adagrad-0.01-0_Drop-0.1
88,0.6933,0.6931,0.5075682557646061,0.3367,MLP-ReLU-Adagrad-0.01-0_Drop-0.1
89,0.6932,0.6931,0.5075682557646061,0.3367,MLP-ReLU-Adagrad-0.01-0_Drop-0.1
90,0.6931,0.6931,0.5075682557646061,0.3367,MLP-ReLU-Adagrad-0.01-0_Drop-0.1
91,0.6931,0.6931,0.5075682557646061,0.3367,MLP-ReLU-Adagrad-0.01-0_Drop-0.1
92,0.6931,0.6931,0.5075682557646061,0.3367,MLP-ReLU-Adagrad-0.01-0_Drop-0.1
93,0.6931,0.6931,0.5075682557646061,0.3367,MLP-ReLU-Adagrad-0.01-0_Drop-0.1
94,0.6931,0.6931,0.5075682557646061,0.3367,MLP-ReLU-Adagrad-0.01-0_Drop-0.1
95,0.6932,0.6931,0.5075682557646061,0.3367,MLP-ReLU-Adagrad-0.01-0_Drop-0.1
96,0.6933,0.6931,0.5075682557646061,0.3367,MLP-ReLU-Adagrad-0.01-0_Drop-0.1
97,0.6933,0.6931,0.5075682557646061,0.3367,MLP-ReLU-Adagrad-0.01-0_Drop-0.1
98,0.693,0.6931,0.5075682557646061,0.3367,MLP-ReLU-Adagrad-0.01-0_Drop-0.1
99,0.6932,0.6931,0.5075682557646061,0.3367,MLP-ReLU-Adagrad-0.01-0_Drop-0.1
100,0.6931,0.6931,0.5075682557646061,0.3367,MLP-ReLU-Adagrad-0.01-0_Drop-0.1
1,0.6935,0.693,0.5075682557646061,0.3367,MLP-ReLU-Adagrad-0.01-0_Drop-0.2
2,0.6932,0.693,0.5075682557646061,0.3367,MLP-ReLU-Adagrad-0.01-0_Drop-0.2
3,0.6931,0.693,0.5075682557646061,0.3367,MLP-ReLU-Adagrad-0.01-0_Drop-0.2
4,0.6933,0.693,0.5075682557646061,0.3367,MLP-ReLU-Adagrad-0.01-0_Drop-0.2
5,0.6932,0.693,0.5075682557646061,0.3367,MLP-ReLU-Adagrad-0.01-0_Drop-0.2
6,0.6931,0.693,0.5075682557646061,0.3367,MLP-ReLU-Adagrad-0.01-0_Drop-0.2
7,0.6932,0.693,0.5075682557646061,0.3367,MLP-ReLU-Adagrad-0.01-0_Drop-0.2
8,0.6931,0.693,0.5075682557646061,0.3367,MLP-ReLU-Adagrad-0.01-0_Drop-0.2
9,0.6932,0.693,0.5075682557646061,0.3367,MLP-ReLU-Adagrad-0.01-0_Drop-0.2
10,0.6931,0.693,0.5075682557646061,0.3367,MLP-ReLU-Adagrad-0.01-0_Drop-0.2
11,0.6932,0.693,0.5075682557646061,0.3367,MLP-ReLU-Adagrad-0.01-0_Drop-0.2
12,0.6932,0.693,0.5075682557646061,0.3367,MLP-ReLU-Adagrad-0.01-0_Drop-0.2
13,0.6932,0.693,0.5075682557646061,0.3367,MLP-ReLU-Adagrad-0.01-0_Drop-0.2
14,0.6932,0.693,0.5075682557646061,0.3367,MLP-ReLU-Adagrad-0.01-0_Drop-0.2
15,0.6932,0.693,0.5075682557646061,0.3367,MLP-ReLU-Adagrad-0.01-0_Drop-0.2
16,0.6932,0.693,0.5075682557646061,0.3367,MLP-ReLU-Adagrad-0.01-0_Drop-0.2
17,0.6931,0.693,0.5075682557646061,0.3367,MLP-ReLU-Adagrad-0.01-0_Drop-0.2
18,0.6931,0.693,0.5075682557646061,0.3367,MLP-ReLU-Adagrad-0.01-0_Drop-0.2
19,0.6932,0.693,0.5075682557646061,0.3367,MLP-ReLU-Adagrad-0.01-0_Drop-0.2
20,0.6931,0.693,0.5075682557646061,0.3367,MLP-ReLU-Adagrad-0.01-0_Drop-0.2
21,0.6932,0.693,0.5075682557646061,0.3367,MLP-ReLU-Adagrad-0.01-0_Drop-0.2
22,0.6932,0.693,0.5075682557646061,0.3367,MLP-ReLU-Adagrad-0.01-0_Drop-0.2
23,0.6932,0.693,0.5075682557646061,0.3367,MLP-ReLU-Adagrad-0.01-0_Drop-0.2
24,0.6931,0.693,0.5075682557646061,0.3367,MLP-ReLU-Adagrad-0.01-0_Drop-0.2
25,0.6932,0.693,0.5075682557646061,0.3367,MLP-ReLU-Adagrad-0.01-0_Drop-0.2
26,0.6932,0.693,0.5075682557646061,0.3367,MLP-ReLU-Adagrad-0.01-0_Drop-0.2
27,0.6932,0.693,0.5075682557646061,0.3367,MLP-ReLU-Adagrad-0.01-0_Drop-0.2
28,0.6932,0.693,0.5075682557646061,0.3367,MLP-ReLU-Adagrad-0.01-0_Drop-0.2
29,0.693,0.693,0.5075682557646061,0.3367,MLP-ReLU-Adagrad-0.01-0_Drop-0.2
30,0.6931,0.693,0.5075682557646061,0.3367,MLP-ReLU-Adagrad-0.01-0_Drop-0.2
31,0.6932,0.693,0.5075682557646061,0.3367,MLP-ReLU-Adagrad-0.01-0_Drop-0.2
32,0.6932,0.693,0.5075682557646061,0.3367,MLP-ReLU-Adagrad-0.01-0_Drop-0.2
33,0.6931,0.693,0.5075682557646061,0.3367,MLP-ReLU-Adagrad-0.01-0_Drop-0.2
34,0.6932,0.693,0.5075682557646061,0.3367,MLP-ReLU-Adagrad-0.01-0_Drop-0.2
35,0.6932,0.693,0.5075682557646061,0.3367,MLP-ReLU-Adagrad-0.01-0_Drop-0.2
36,0.6932,0.693,0.5075682557646061,0.3367,MLP-ReLU-Adagrad-0.01-0_Drop-0.2
37,0.6931,0.693,0.5075682557646061,0.3367,MLP-ReLU-Adagrad-0.01-0_Drop-0.2
38,0.6932,0.693,0.5075682557646061,0.3367,MLP-ReLU-Adagrad-0.01-0_Drop-0.2
39,0.6931,0.693,0.5075682557646061,0.3367,MLP-ReLU-Adagrad-0.01-0_Drop-0.2
40,0.6931,0.693,0.5075682557646061,0.3367,MLP-ReLU-Adagrad-0.01-0_Drop-0.2
41,0.6932,0.693,0.5075682557646061,0.3367,MLP-ReLU-Adagrad-0.01-0_Drop-0.2
42,0.6932,0.693,0.5075682557646061,0.3367,MLP-ReLU-Adagrad-0.01-0_Drop-0.2
43,0.6932,0.693,0.5075682557646061,0.3367,MLP-ReLU-Adagrad-0.01-0_Drop-0.2
44,0.6932,0.693,0.5075682557646061,0.3367,MLP-ReLU-Adagrad-0.01-0_Drop-0.2
45,0.6931,0.693,0.5075682557646061,0.3367,MLP-ReLU-Adagrad-0.01-0_Drop-0.2
46,0.6932,0.693,0.5075682557646061,0.3367,MLP-ReLU-Adagrad-0.01-0_Drop-0.2
47,0.6932,0.693,0.5075682557646061,0.3367,MLP-ReLU-Adagrad-0.01-0_Drop-0.2
48,0.6932,0.693,0.5075682557646061,0.3367,MLP-ReLU-Adagrad-0.01-0_Drop-0.2
49,0.6932,0.693,0.5075682557646061,0.3367,MLP-ReLU-Adagrad-0.01-0_Drop-0.2
50,0.6931,0.693,0.5075682557646061,0.3367,MLP-ReLU-Adagrad-0.01-0_Drop-0.2
51,0.6932,0.693,0.5075682557646061,0.3367,MLP-ReLU-Adagrad-0.01-0_Drop-0.2
52,0.6931,0.693,0.5075682557646061,0.3367,MLP-ReLU-Adagrad-0.01-0_Drop-0.2
53,0.6931,0.693,0.5075682557646061,0.3367,MLP-ReLU-Adagrad-0.01-0_Drop-0.2
54,0.6931,0.693,0.5075682557646061,0.3367,MLP-ReLU-Adagrad-0.01-0_Drop-0.2
55,0.6932,0.693,0.5075682557646061,0.3367,MLP-ReLU-Adagrad-0.01-0_Drop-0.2
56,0.6932,0.693,0.5075682557646061,0.3367,MLP-ReLU-Adagrad-0.01-0_Drop-0.2
57,0.6931,0.693,0.5075682557646061,0.3367,MLP-ReLU-Adagrad-0.01-0_Drop-0.2
58,0.6931,0.693,0.5075682557646061,0.3367,MLP-ReLU-Adagrad-0.01-0_Drop-0.2
59,0.6931,0.693,0.5075682557646061,0.3367,MLP-ReLU-Adagrad-0.01-0_Drop-0.2
60,0.6931,0.693,0.5075682557646061,0.3367,MLP-ReLU-Adagrad-0.01-0_Drop-0.2
61,0.6931,0.693,0.5075682557646061,0.3367,MLP-ReLU-Adagrad-0.01-0_Drop-0.2
62,0.6931,0.693,0.5075682557646061,0.3367,MLP-ReLU-Adagrad-0.01-0_Drop-0.2
63,0.6932,0.693,0.5075682557646061,0.3367,MLP-ReLU-Adagrad-0.01-0_Drop-0.2
64,0.6931,0.693,0.5075682557646061,0.3367,MLP-ReLU-Adagrad-0.01-0_Drop-0.2
65,0.6932,0.693,0.5075682557646061,0.3367,MLP-ReLU-Adagrad-0.01-0_Drop-0.2
66,0.6931,0.693,0.5075682557646061,0.3367,MLP-ReLU-Adagrad-0.01-0_Drop-0.2
67,0.6932,0.693,0.5075682557646061,0.3367,MLP-ReLU-Adagrad-0.01-0_Drop-0.2
68,0.6932,0.693,0.5075682557646061,0.3367,MLP-ReLU-Adagrad-0.01-0_Drop-0.2
69,0.6931,0.693,0.5075682557646061,0.3367,MLP-ReLU-Adagrad-0.01-0_Drop-0.2
70,0.6931,0.693,0.5075682557646061,0.3367,MLP-ReLU-Adagrad-0.01-0_Drop-0.2
71,0.6931,0.693,0.5075682557646061,0.3367,MLP-ReLU-Adagrad-0.01-0_Drop-0.2
72,0.6931,0.693,0.5075682557646061,0.3367,MLP-ReLU-Adagrad-0.01-0_Drop-0.2
73,0.6932,0.693,0.5075682557646061,0.3367,MLP-ReLU-Adagrad-0.01-0_Drop-0.2
74,0.6932,0.693,0.5075682557646061,0.3367,MLP-ReLU-Adagrad-0.01-0_Drop-0.2
75,0.6932,0.693,0.5075682557646061,0.3367,MLP-ReLU-Adagrad-0.01-0_Drop-0.2
76,0.6931,0.693,0.5075682557646061,0.3367,MLP-ReLU-Adagrad-0.01-0_Drop-0.2
77,0.6932,0.693,0.5075682557646061,0.3367,MLP-ReLU-Adagrad-0.01-0_Drop-0.2
78,0.6931,0.693,0.5075682557646061,0.3367,MLP-ReLU-Adagrad-0.01-0_Drop-0.2
79,0.6931,0.693,0.5075682557646061,0.3367,MLP-ReLU-Adagrad-0.01-0_Drop-0.2
80,0.6931,0.693,0.5075682557646061,0.3367,MLP-ReLU-Adagrad-0.01-0_Drop-0.2
81,0.6931,0.693,0.5075682557646061,0.3367,MLP-ReLU-Adagrad-0.01-0_Drop-0.2
82,0.6931,0.693,0.5075682557646061,0.3367,MLP-ReLU-Adagrad-0.01-0_Drop-0.2
83,0.6932,0.693,0.5075682557646061,0.3367,MLP-ReLU-Adagrad-0.01-0_Drop-0.2
84,0.6932,0.693,0.5075682557646061,0.3367,MLP-ReLU-Adagrad-0.01-0_Drop-0.2
85,0.6931,0.693,0.5075682557646061,0.3367,MLP-ReLU-Adagrad-0.01-0_Drop-0.2
86,0.6931,0.693,0.5075682557646061,0.3367,MLP-ReLU-Adagrad-0.01-0_Drop-0.2
87,0.6932,0.693,0.5075682557646061,0.3367,MLP-ReLU-Adagrad-0.01-0_Drop-0.2
88,0.6931,0.693,0.5075682557646061,0.3367,MLP-ReLU-Adagrad-0.01-0_Drop-0.2
89,0.6931,0.693,0.5075682557646061,0.3367,MLP-ReLU-Adagrad-0.01-0_Drop-0.2
90,0.6931,0.693,0.5075682557646061,0.3367,MLP-ReLU-Adagrad-0.01-0_Drop-0.2
91,0.6931,0.693,0.5075682557646061,0.3367,MLP-ReLU-Adagrad-0.01-0_Drop-0.2
92,0.6932,0.693,0.5075682557646061,0.3367,MLP-ReLU-Adagrad-0.01-0_Drop-0.2
93,0.6931,0.693,0.5075682557646061,0.3367,MLP-ReLU-Adagrad-0.01-0_Drop-0.2
94,0.6932,0.693,0.5075682557646061,0.3367,MLP-ReLU-Adagrad-0.01-0_Drop-0.2
95,0.6931,0.693,0.5075682557646061,0.3367,MLP-ReLU-Adagrad-0.01-0_Drop-0.2
96,0.6932,0.693,0.5075682557646061,0.3367,MLP-ReLU-Adagrad-0.01-0_Drop-0.2
97,0.6931,0.693,0.5075682557646061,0.3367,MLP-ReLU-Adagrad-0.01-0_Drop-0.2
98,0.6931,0.693,0.5075682557646061,0.3367,MLP-ReLU-Adagrad-0.01-0_Drop-0.2
99,0.6932,0.693,0.5075682557646061,0.3367,MLP-ReLU-Adagrad-0.01-0_Drop-0.2
100,0.6931,0.693,0.5075682557646061,0.3367,MLP-ReLU-Adagrad-0.01-0_Drop-0.2
1,0.7529,0.7405,0.492431744235394,0.33,MLP-ReLU-Adagrad-0.01-0_Drop-0.4
2,0.7284,0.7227,0.492431744235394,0.33,MLP-ReLU-Adagrad-0.01-0_Drop-0.4
3,0.7147,0.7121,0.492431744235394,0.33,MLP-ReLU-Adagrad-0.01-0_Drop-0.4
4,0.7063,0.7055,0.492431744235394,0.33,MLP-ReLU-Adagrad-0.01-0_Drop-0.4
5,0.7038,0.7017,0.492431744235394,0.33,MLP-ReLU-Adagrad-0.01-0_Drop-0.4
6,0.6992,0.699,0.492431744235394,0.33,MLP-ReLU-Adagrad-0.01-0_Drop-0.4
7,0.6984,0.6972,0.492431744235394,0.33,MLP-ReLU-Adagrad-0.01-0_Drop-0.4
8,0.6983,0.6962,0.492431744235394,0.33,MLP-ReLU-Adagrad-0.01-0_Drop-0.4
9,0.698,0.6955,0.492431744235394,0.33,MLP-ReLU-Adagrad-0.01-0_Drop-0.4
10,0.6978,0.6951,0.492431744235394,0.33,MLP-ReLU-Adagrad-0.01-0_Drop-0.4
11,0.6971,0.6948,0.492431744235394,0.33,MLP-ReLU-Adagrad-0.01-0_Drop-0.4
12,0.697,0.6946,0.492431744235394,0.33,MLP-ReLU-Adagrad-0.01-0_Drop-0.4
13,0.6969,0.6944,0.492431744235394,0.33,MLP-ReLU-Adagrad-0.01-0_Drop-0.4
14,0.6965,0.6943,0.492431744235394,0.33,MLP-ReLU-Adagrad-0.01-0_Drop-0.4
15,0.6963,0.6942,0.492431744235394,0.33,MLP-ReLU-Adagrad-0.01-0_Drop-0.4
16,0.6953,0.6941,0.492431744235394,0.33,MLP-ReLU-Adagrad-0.01-0_Drop-0.4
17,0.6954,0.6939,0.492431744235394,0.33,MLP-ReLU-Adagrad-0.01-0_Drop-0.4
18,0.6954,0.6939,0.492431744235394,0.33,MLP-ReLU-Adagrad-0.01-0_Drop-0.4
19,0.6956,0.6938,0.492431744235394,0.33,MLP-ReLU-Adagrad-0.01-0_Drop-0.4
20,0.6947,0.6937,0.492431744235394,0.33,MLP-ReLU-Adagrad-0.01-0_Drop-0.4
21,0.6944,0.6937,0.492431744235394,0.33,MLP-ReLU-Adagrad-0.01-0_Drop-0.4
22,0.6943,0.6936,0.492431744235394,0.33,MLP-ReLU-Adagrad-0.01-0_Drop-0.4
23,0.6948,0.6936,0.492431744235394,0.33,MLP-ReLU-Adagrad-0.01-0_Drop-0.4
24,0.6941,0.6935,0.492431744235394,0.33,MLP-ReLU-Adagrad-0.01-0_Drop-0.4
25,0.6949,0.6935,0.492431744235394,0.33,MLP-ReLU-Adagrad-0.01-0_Drop-0.4
26,0.6944,0.6935,0.492431744235394,0.33,MLP-ReLU-Adagrad-0.01-0_Drop-0.4
27,0.6936,0.6934,0.492431744235394,0.33,MLP-ReLU-Adagrad-0.01-0_Drop-0.4
28,0.6945,0.6934,0.492431744235394,0.33,MLP-ReLU-Adagrad-0.01-0_Drop-0.4
29,0.6945,0.6934,0.492431744235394,0.33,MLP-ReLU-Adagrad-0.01-0_Drop-0.4
30,0.6956,0.6934,0.492431744235394,0.33,MLP-ReLU-Adagrad-0.01-0_Drop-0.4
31,0.695,0.6934,0.492431744235394,0.33,MLP-ReLU-Adagrad-0.01-0_Drop-0.4
32,0.6945,0.6934,0.492431744235394,0.33,MLP-ReLU-Adagrad-0.01-0_Drop-0.4
33,0.6941,0.6933,0.492431744235394,0.33,MLP-ReLU-Adagrad-0.01-0_Drop-0.4
34,0.6935,0.6933,0.492431744235394,0.33,MLP-ReLU-Adagrad-0.01-0_Drop-0.4
35,0.6944,0.6933,0.492431744235394,0.33,MLP-ReLU-Adagrad-0.01-0_Drop-0.4
36,0.6938,0.6933,0.492431744235394,0.33,MLP-ReLU-Adagrad-0.01-0_Drop-0.4
37,0.6941,0.6933,0.492431744235394,0.33,MLP-ReLU-Adagrad-0.01-0_Drop-0.4
38,0.6943,0.6933,0.492431744235394,0.33,MLP-ReLU-Adagrad-0.01-0_Drop-0.4
39,0.6945,0.6933,0.492431744235394,0.33,MLP-ReLU-Adagrad-0.01-0_Drop-0.4
40,0.6938,0.6933,0.492431744235394,0.33,MLP-ReLU-Adagrad-0.01-0_Drop-0.4
41,0.6939,0.6933,0.492431744235394,0.33,MLP-ReLU-Adagrad-0.01-0_Drop-0.4
42,0.695,0.6933,0.492431744235394,0.33,MLP-ReLU-Adagrad-0.01-0_Drop-0.4
43,0.6931,0.6933,0.492431744235394,0.33,MLP-ReLU-Adagrad-0.01-0_Drop-0.4
44,0.694,0.6933,0.492431744235394,0.33,MLP-ReLU-Adagrad-0.01-0_Drop-0.4
45,0.6943,0.6933,0.492431744235394,0.33,MLP-ReLU-Adagrad-0.01-0_Drop-0.4
46,0.6932,0.6932,0.492431744235394,0.33,MLP-ReLU-Adagrad-0.01-0_Drop-0.4
47,0.6931,0.6932,0.492431744235394,0.33,MLP-ReLU-Adagrad-0.01-0_Drop-0.4
48,0.6941,0.6932,0.492431744235394,0.33,MLP-ReLU-Adagrad-0.01-0_Drop-0.4
49,0.6937,0.6932,0.492431744235394,0.33,MLP-ReLU-Adagrad-0.01-0_Drop-0.4
50,0.6937,0.6932,0.492431744235394,0.33,MLP-ReLU-Adagrad-0.01-0_Drop-0.4
51,0.6929,0.6932,0.492431744235394,0.33,MLP-ReLU-Adagrad-0.01-0_Drop-0.4
52,0.6939,0.6932,0.492431744235394,0.33,MLP-ReLU-Adagrad-0.01-0_Drop-0.4
53,0.6935,0.6932,0.492431744235394,0.33,MLP-ReLU-Adagrad-0.01-0_Drop-0.4
54,0.6934,0.6932,0.492431744235394,0.33,MLP-ReLU-Adagrad-0.01-0_Drop-0.4
55,0.6941,0.6932,0.492431744235394,0.33,MLP-ReLU-Adagrad-0.01-0_Drop-0.4
56,0.6937,0.6932,0.492431744235394,0.33,MLP-ReLU-Adagrad-0.01-0_Drop-0.4
57,0.6938,0.6932,0.492431744235394,0.33,MLP-ReLU-Adagrad-0.01-0_Drop-0.4
58,0.6937,0.6932,0.492431744235394,0.33,MLP-ReLU-Adagrad-0.01-0_Drop-0.4
59,0.6936,0.6932,0.492431744235394,0.33,MLP-ReLU-Adagrad-0.01-0_Drop-0.4
60,0.6934,0.6932,0.492431744235394,0.33,MLP-ReLU-Adagrad-0.01-0_Drop-0.4
61,0.6934,0.6931,0.492431744235394,0.33,MLP-ReLU-Adagrad-0.01-0_Drop-0.4
62,0.6931,0.6931,0.5075682557646061,0.3367,MLP-ReLU-Adagrad-0.01-0_Drop-0.4
63,0.694,0.6932,0.492431744235394,0.33,MLP-ReLU-Adagrad-0.01-0_Drop-0.4
64,0.6935,0.6931,0.492431744235394,0.33,MLP-ReLU-Adagrad-0.01-0_Drop-0.4
65,0.6933,0.6931,0.5075682557646061,0.3367,MLP-ReLU-Adagrad-0.01-0_Drop-0.4
66,0.694,0.6931,0.5075682557646061,0.3367,MLP-ReLU-Adagrad-0.01-0_Drop-0.4
67,0.6938,0.6931,0.5075682557646061,0.3367,MLP-ReLU-Adagrad-0.01-0_Drop-0.4
68,0.6931,0.6931,0.5075682557646061,0.3367,MLP-ReLU-Adagrad-0.01-0_Drop-0.4
69,0.6935,0.6931,0.5075682557646061,0.3367,MLP-ReLU-Adagrad-0.01-0_Drop-0.4
70,0.6937,0.6931,0.5075682557646061,0.3367,MLP-ReLU-Adagrad-0.01-0_Drop-0.4
71,0.693,0.6931,0.5075682557646061,0.3367,MLP-ReLU-Adagrad-0.01-0_Drop-0.4
72,0.6937,0.6931,0.5075682557646061,0.3367,MLP-ReLU-Adagrad-0.01-0_Drop-0.4
73,0.6934,0.6931,0.5075682557646061,0.3367,MLP-ReLU-Adagrad-0.01-0_Drop-0.4
74,0.6932,0.6931,0.5075682557646061,0.3367,MLP-ReLU-Adagrad-0.01-0_Drop-0.4
75,0.6936,0.6931,0.5075682557646061,0.3367,MLP-ReLU-Adagrad-0.01-0_Drop-0.4
76,0.6934,0.6931,0.5075682557646061,0.3367,MLP-ReLU-Adagrad-0.01-0_Drop-0.4
77,0.6933,0.6931,0.5075682557646061,0.3367,MLP-ReLU-Adagrad-0.01-0_Drop-0.4
78,0.6934,0.6931,0.5075682557646061,0.3367,MLP-ReLU-Adagrad-0.01-0_Drop-0.4
79,0.693,0.6931,0.5075682557646061,0.3367,MLP-ReLU-Adagrad-0.01-0_Drop-0.4
80,0.6933,0.6931,0.5075682557646061,0.3367,MLP-ReLU-Adagrad-0.01-0_Drop-0.4
81,0.6938,0.6931,0.5075682557646061,0.3367,MLP-ReLU-Adagrad-0.01-0_Drop-0.4
82,0.6929,0.6931,0.5075682557646061,0.3367,MLP-ReLU-Adagrad-0.01-0_Drop-0.4
83,0.693,0.6931,0.5075682557646061,0.3367,MLP-ReLU-Adagrad-0.01-0_Drop-0.4
84,0.6935,0.6931,0.5075682557646061,0.3367,MLP-ReLU-Adagrad-0.01-0_Drop-0.4
85,0.6936,0.6931,0.5075682557646061,0.3367,MLP-ReLU-Adagrad-0.01-0_Drop-0.4
86,0.6935,0.6931,0.5075682557646061,0.3367,MLP-ReLU-Adagrad-0.01-0_Drop-0.4
87,0.6934,0.6931,0.5075682557646061,0.3367,MLP-ReLU-Adagrad-0.01-0_Drop-0.4
88,0.6934,0.6931,0.5075682557646061,0.3367,MLP-ReLU-Adagrad-0.01-0_Drop-0.4
89,0.6935,0.6931,0.5075682557646061,0.3367,MLP-ReLU-Adagrad-0.01-0_Drop-0.4
90,0.6932,0.6931,0.5075682557646061,0.3367,MLP-ReLU-Adagrad-0.01-0_Drop-0.4
91,0.6935,0.6931,0.5075682557646061,0.3367,MLP-ReLU-Adagrad-0.01-0_Drop-0.4
92,0.6931,0.6931,0.5075682557646061,0.3367,MLP-ReLU-Adagrad-0.01-0_Drop-0.4
93,0.6932,0.6931,0.5075682557646061,0.3367,MLP-ReLU-Adagrad-0.01-0_Drop-0.4
94,0.6929,0.6931,0.5075682557646061,0.3367,MLP-ReLU-Adagrad-0.01-0_Drop-0.4
95,0.6931,0.6931,0.5075682557646061,0.3367,MLP-ReLU-Adagrad-0.01-0_Drop-0.4
96,0.6935,0.6931,0.5075682557646061,0.3367,MLP-ReLU-Adagrad-0.01-0_Drop-0.4
97,0.6934,0.6931,0.5075682557646061,0.3367,MLP-ReLU-Adagrad-0.01-0_Drop-0.4
98,0.6932,0.6931,0.5075682557646061,0.3367,MLP-ReLU-Adagrad-0.01-0_Drop-0.4
99,0.6934,0.6931,0.5075682557646061,0.3367,MLP-ReLU-Adagrad-0.01-0_Drop-0.4
100,0.6931,0.6931,0.5075682557646061,0.3367,MLP-ReLU-Adagrad-0.01-0_Drop-0.4
1,0.6971,0.6936,0.5075682557646061,0.3367,MLP-ReLU-Adagrad-0.01-0_Drop-0.6
2,0.6945,0.6931,0.5075682557646061,0.3367,MLP-ReLU-Adagrad-0.01-0_Drop-0.6
3,0.6937,0.693,0.5075682557646061,0.3367,MLP-ReLU-Adagrad-0.01-0_Drop-0.6
4,0.6934,0.693,0.5075682557646061,0.3367,MLP-ReLU-Adagrad-0.01-0_Drop-0.6
5,0.6933,0.693,0.5075682557646061,0.3367,MLP-ReLU-Adagrad-0.01-0_Drop-0.6
6,0.6933,0.693,0.5075682557646061,0.3367,MLP-ReLU-Adagrad-0.01-0_Drop-0.6
7,0.6932,0.693,0.5075682557646061,0.3367,MLP-ReLU-Adagrad-0.01-0_Drop-0.6
8,0.6931,0.693,0.5075682557646061,0.3367,MLP-ReLU-Adagrad-0.01-0_Drop-0.6
9,0.693,0.693,0.5075682557646061,0.3367,MLP-ReLU-Adagrad-0.01-0_Drop-0.6
10,0.6932,0.6931,0.5075682557646061,0.3367,MLP-ReLU-Adagrad-0.01-0_Drop-0.6
11,0.6931,0.6931,0.5075682557646061,0.3367,MLP-ReLU-Adagrad-0.01-0_Drop-0.6
12,0.6932,0.6931,0.5075682557646061,0.3367,MLP-ReLU-Adagrad-0.01-0_Drop-0.6
13,0.6932,0.6931,0.5075682557646061,0.3367,MLP-ReLU-Adagrad-0.01-0_Drop-0.6
14,0.6931,0.6931,0.5075682557646061,0.3367,MLP-ReLU-Adagrad-0.01-0_Drop-0.6
15,0.6931,0.6931,0.5075682557646061,0.3367,MLP-ReLU-Adagrad-0.01-0_Drop-0.6
16,0.6928,0.6931,0.5075682557646061,0.3367,MLP-ReLU-Adagrad-0.01-0_Drop-0.6
17,0.6933,0.6931,0.5075682557646061,0.3367,MLP-ReLU-Adagrad-0.01-0_Drop-0.6
18,0.6933,0.6931,0.5075682557646061,0.3367,MLP-ReLU-Adagrad-0.01-0_Drop-0.6
19,0.6931,0.6931,0.5075682557646061,0.3367,MLP-ReLU-Adagrad-0.01-0_Drop-0.6
20,0.6931,0.6931,0.5075682557646061,0.3367,MLP-ReLU-Adagrad-0.01-0_Drop-0.6
21,0.6932,0.6931,0.5075682557646061,0.3367,MLP-ReLU-Adagrad-0.01-0_Drop-0.6
22,0.6932,0.6931,0.5075682557646061,0.3367,MLP-ReLU-Adagrad-0.01-0_Drop-0.6
23,0.6931,0.6931,0.5075682557646061,0.3367,MLP-ReLU-Adagrad-0.01-0_Drop-0.6
24,0.6931,0.6931,0.5075682557646061,0.3367,MLP-ReLU-Adagrad-0.01-0_Drop-0.6
25,0.6933,0.6931,0.5075682557646061,0.3367,MLP-ReLU-Adagrad-0.01-0_Drop-0.6
26,0.6931,0.6931,0.5075682557646061,0.3367,MLP-ReLU-Adagrad-0.01-0_Drop-0.6
27,0.6931,0.6931,0.5075682557646061,0.3367,MLP-ReLU-Adagrad-0.01-0_Drop-0.6
28,0.6931,0.6931,0.5075682557646061,0.3367,MLP-ReLU-Adagrad-0.01-0_Drop-0.6
29,0.6931,0.6931,0.5075682557646061,0.3367,MLP-ReLU-Adagrad-0.01-0_Drop-0.6
30,0.6933,0.6931,0.5075682557646061,0.3367,MLP-ReLU-Adagrad-0.01-0_Drop-0.6
31,0.693,0.6931,0.5075682557646061,0.3367,MLP-ReLU-Adagrad-0.01-0_Drop-0.6
32,0.6931,0.6931,0.5075682557646061,0.3367,MLP-ReLU-Adagrad-0.01-0_Drop-0.6
33,0.6932,0.6931,0.5075682557646061,0.3367,MLP-ReLU-Adagrad-0.01-0_Drop-0.6
34,0.6932,0.6931,0.5075682557646061,0.3367,MLP-ReLU-Adagrad-0.01-0_Drop-0.6
35,0.6931,0.6931,0.5075682557646061,0.3367,MLP-ReLU-Adagrad-0.01-0_Drop-0.6
36,0.6932,0.6931,0.5075682557646061,0.3367,MLP-ReLU-Adagrad-0.01-0_Drop-0.6
37,0.6931,0.6931,0.5075682557646061,0.3367,MLP-ReLU-Adagrad-0.01-0_Drop-0.6
38,0.6932,0.6931,0.5075682557646061,0.3367,MLP-ReLU-Adagrad-0.01-0_Drop-0.6
39,0.6932,0.6931,0.5075682557646061,0.3367,MLP-ReLU-Adagrad-0.01-0_Drop-0.6
40,0.6933,0.6931,0.5075682557646061,0.3367,MLP-ReLU-Adagrad-0.01-0_Drop-0.6
41,0.6932,0.6931,0.5075682557646061,0.3367,MLP-ReLU-Adagrad-0.01-0_Drop-0.6
42,0.6932,0.6931,0.5075682557646061,0.3367,MLP-ReLU-Adagrad-0.01-0_Drop-0.6
43,0.6932,0.6931,0.5075682557646061,0.3367,MLP-ReLU-Adagrad-0.01-0_Drop-0.6
44,0.6932,0.6931,0.5075682557646061,0.3367,MLP-ReLU-Adagrad-0.01-0_Drop-0.6
45,0.6932,0.6931,0.5075682557646061,0.3367,MLP-ReLU-Adagrad-0.01-0_Drop-0.6
46,0.6932,0.6931,0.5075682557646061,0.3367,MLP-ReLU-Adagrad-0.01-0_Drop-0.6
47,0.693,0.6931,0.5075682557646061,0.3367,MLP-ReLU-Adagrad-0.01-0_Drop-0.6
48,0.6931,0.6931,0.5075682557646061,0.3367,MLP-ReLU-Adagrad-0.01-0_Drop-0.6
49,0.6931,0.6931,0.5075682557646061,0.3367,MLP-ReLU-Adagrad-0.01-0_Drop-0.6
50,0.6931,0.6931,0.5075682557646061,0.3367,MLP-ReLU-Adagrad-0.01-0_Drop-0.6
51,0.6931,0.6931,0.5075682557646061,0.3367,MLP-ReLU-Adagrad-0.01-0_Drop-0.6
52,0.6932,0.6931,0.5075682557646061,0.3367,MLP-ReLU-Adagrad-0.01-0_Drop-0.6
53,0.6932,0.6931,0.5075682557646061,0.3367,MLP-ReLU-Adagrad-0.01-0_Drop-0.6
54,0.693,0.6931,0.5075682557646061,0.3367,MLP-ReLU-Adagrad-0.01-0_Drop-0.6
55,0.6932,0.6931,0.5075682557646061,0.3367,MLP-ReLU-Adagrad-0.01-0_Drop-0.6
56,0.6931,0.6931,0.5075682557646061,0.3367,MLP-ReLU-Adagrad-0.01-0_Drop-0.6
57,0.6931,0.6931,0.5075682557646061,0.3367,MLP-ReLU-Adagrad-0.01-0_Drop-0.6
58,0.6932,0.6931,0.5075682557646061,0.3367,MLP-ReLU-Adagrad-0.01-0_Drop-0.6
59,0.6932,0.6931,0.5075682557646061,0.3367,MLP-ReLU-Adagrad-0.01-0_Drop-0.6
60,0.6933,0.6931,0.5075682557646061,0.3367,MLP-ReLU-Adagrad-0.01-0_Drop-0.6
61,0.6932,0.6931,0.5075682557646061,0.3367,MLP-ReLU-Adagrad-0.01-0_Drop-0.6
62,0.6931,0.6931,0.5075682557646061,0.3367,MLP-ReLU-Adagrad-0.01-0_Drop-0.6
63,0.6931,0.6931,0.5075682557646061,0.3367,MLP-ReLU-Adagrad-0.01-0_Drop-0.6
64,0.6931,0.6931,0.5075682557646061,0.3367,MLP-ReLU-Adagrad-0.01-0_Drop-0.6
65,0.6932,0.6931,0.5075682557646061,0.3367,MLP-ReLU-Adagrad-0.01-0_Drop-0.6
66,0.6931,0.6931,0.5075682557646061,0.3367,MLP-ReLU-Adagrad-0.01-0_Drop-0.6
67,0.6932,0.6931,0.5075682557646061,0.3367,MLP-ReLU-Adagrad-0.01-0_Drop-0.6
68,0.693,0.6931,0.5075682557646061,0.3367,MLP-ReLU-Adagrad-0.01-0_Drop-0.6
69,0.6932,0.6931,0.5075682557646061,0.3367,MLP-ReLU-Adagrad-0.01-0_Drop-0.6
70,0.6932,0.6931,0.5075682557646061,0.3367,MLP-ReLU-Adagrad-0.01-0_Drop-0.6
71,0.6931,0.6931,0.5075682557646061,0.3367,MLP-ReLU-Adagrad-0.01-0_Drop-0.6
72,0.6931,0.6931,0.5075682557646061,0.3367,MLP-ReLU-Adagrad-0.01-0_Drop-0.6
73,0.6932,0.6931,0.5075682557646061,0.3367,MLP-ReLU-Adagrad-0.01-0_Drop-0.6
74,0.6931,0.6931,0.5075682557646061,0.3367,MLP-ReLU-Adagrad-0.01-0_Drop-0.6
75,0.6932,0.6931,0.5075682557646061,0.3367,MLP-ReLU-Adagrad-0.01-0_Drop-0.6
76,0.6932,0.6931,0.5075682557646061,0.3367,MLP-ReLU-Adagrad-0.01-0_Drop-0.6
77,0.6931,0.6931,0.5075682557646061,0.3367,MLP-ReLU-Adagrad-0.01-0_Drop-0.6
78,0.6931,0.6931,0.5075682557646061,0.3367,MLP-ReLU-Adagrad-0.01-0_Drop-0.6
79,0.6932,0.6931,0.5075682557646061,0.3367,MLP-ReLU-Adagrad-0.01-0_Drop-0.6
80,0.6932,0.6931,0.5075682557646061,0.3367,MLP-ReLU-Adagrad-0.01-0_Drop-0.6
81,0.6932,0.6931,0.5075682557646061,0.3367,MLP-ReLU-Adagrad-0.01-0_Drop-0.6
82,0.693,0.6931,0.5075682557646061,0.3367,MLP-ReLU-Adagrad-0.01-0_Drop-0.6
83,0.6932,0.6931,0.5075682557646061,0.3367,MLP-ReLU-Adagrad-0.01-0_Drop-0.6
84,0.6931,0.6931,0.5075682557646061,0.3367,MLP-ReLU-Adagrad-0.01-0_Drop-0.6
85,0.6932,0.6931,0.5075682557646061,0.3367,MLP-ReLU-Adagrad-0.01-0_Drop-0.6
86,0.6931,0.6931,0.5075682557646061,0.3367,MLP-ReLU-Adagrad-0.01-0_Drop-0.6
87,0.6931,0.6931,0.5075682557646061,0.3367,MLP-ReLU-Adagrad-0.01-0_Drop-0.6
88,0.6932,0.6931,0.5075682557646061,0.3367,MLP-ReLU-Adagrad-0.01-0_Drop-0.6
89,0.6931,0.6931,0.5075682557646061,0.3367,MLP-ReLU-Adagrad-0.01-0_Drop-0.6
90,0.6932,0.6931,0.5075682557646061,0.3367,MLP-ReLU-Adagrad-0.01-0_Drop-0.6
91,0.6932,0.6931,0.5075682557646061,0.3367,MLP-ReLU-Adagrad-0.01-0_Drop-0.6
92,0.6932,0.6931,0.5075682557646061,0.3367,MLP-ReLU-Adagrad-0.01-0_Drop-0.6
93,0.6932,0.6931,0.5075682557646061,0.3367,MLP-ReLU-Adagrad-0.01-0_Drop-0.6
94,0.6931,0.6931,0.5075682557646061,0.3367,MLP-ReLU-Adagrad-0.01-0_Drop-0.6
95,0.6931,0.6931,0.5075682557646061,0.3367,MLP-ReLU-Adagrad-0.01-0_Drop-0.6
96,0.6932,0.6931,0.5075682557646061,0.3367,MLP-ReLU-Adagrad-0.01-0_Drop-0.6
97,0.6931,0.6931,0.5075682557646061,0.3367,MLP-ReLU-Adagrad-0.01-0_Drop-0.6
98,0.6931,0.6931,0.5075682557646061,0.3367,MLP-ReLU-Adagrad-0.01-0_Drop-0.6
99,0.6931,0.6931,0.5075682557646061,0.3367,MLP-ReLU-Adagrad-0.01-0_Drop-0.6
100,0.6931,0.693,0.5075682557646061,0.3367,MLP-ReLU-Adagrad-0.01-0_Drop-0.6
